"/src/.zig-cache/o/44568cfb63f9697d399553f5b66a7ae6/hash-object","C","0.1","/src/src/hash/hash-object.c","C structs",2,1.560805,39288,0,"0075ff81"
"/src/.zig-cache/o/44568cfb63f9697d399553f5b66a7ae6/hash-object","C","0.1","/src/src/hash/hash-object.c","C structs",4,349.178954,39288,0,"91b5d7ef"
"/src/.zig-cache/o/5ab6a4d5cc36aeed8f1576ef356e5c1c/hash-data","C","0.1","/src/src/hash/hash-data.c","random data",2,1.228016,38312,0,"01db0011"
"/src/.zig-cache/o/5ab6a4d5cc36aeed8f1576ef356e5c1c/hash-data","C","0.1","/src/src/hash/hash-data.c","random data",4,78.495179,38312,0,"7bed972d"
"/src/.zig-cache/o/e3e970c8f24ce75732e3fd1665e5f74e/mpack-write","C","0.8.1","/src/src/mpack/mpack-write.c","MessagePack",2,4.289164,102960,0,"1a9c6681"
"/src/.zig-cache/o/e3e970c8f24ce75732e3fd1665e5f74e/mpack-write","C","0.8.1","/src/src/mpack/mpack-write.c","MessagePack",4,818.339724,102960,0,"b4ac134d"
"/src/.zig-cache/o/835db75aaf35eefcca8aa9e6b0a77117/mpack-read","C","0.8.1","/src/src/mpack/mpack-read.c","MessagePack",2,5.295341,103168,0,"0075ff81"
"/src/.zig-cache/o/835db75aaf35eefcca8aa9e6b0a77117/mpack-read","C","0.8.1","/src/src/mpack/mpack-read.c","MessagePack",4,664.297082,103168,0,"91b5d7ef"
"/src/.zig-cache/o/b961f71be1f98f1d872cfb5fdb2b28f4/mpack-node","C","0.8.1","/src/src/mpack/mpack-node.c","MessagePack",2,17.518090,103488,0,"0075ff81"
"/src/.zig-cache/o/b961f71be1f98f1d872cfb5fdb2b28f4/mpack-node","C","0.8.1","/src/src/mpack/mpack-node.c","MessagePack",4,1167.450813,103488,0,"91b5d7ef"
"/src/.zig-cache/o/d38e788449c420e34e8db9ba2074c79c/mpack-tracking-write","C","0.8.1","/src/src/mpack/mpack-write.c","MessagePack",2,6.104016,112800,0,"1a9c6681"
"/src/.zig-cache/o/d38e788449c420e34e8db9ba2074c79c/mpack-tracking-write","C","0.8.1","/src/src/mpack/mpack-write.c","MessagePack",4,908.845853,112800,0,"b4ac134d"
"/src/.zig-cache/o/6e8ffd5194e8ad76763c62b634ccb206/mpack-tracking-read","C","0.8.1","/src/src/mpack/mpack-read.c","MessagePack",2,6.928104,113088,0,"0075ff81"
"/src/.zig-cache/o/6e8ffd5194e8ad76763c62b634ccb206/mpack-tracking-read","C","0.8.1","/src/src/mpack/mpack-read.c","MessagePack",4,757.315906,113088,0,"91b5d7ef"
"/src/.zig-cache/o/1b22c71b75af4fe5bac33c67d099038b/mpack-utf8-read","C","0.8.1","/src/src/mpack/mpack-read.c","MessagePack",2,7.291300,103168,0,"0075ff81"
"/src/.zig-cache/o/1b22c71b75af4fe5bac33c67d099038b/mpack-utf8-read","C","0.8.1","/src/src/mpack/mpack-read.c","MessagePack",4,886.290141,103168,0,"91b5d7ef"
"/src/.zig-cache/o/2ab258cf5f98673da93c1ef3e805b8ea/mpack-utf8-node","C","0.8.1","/src/src/mpack/mpack-node.c","MessagePack",2,19.230644,103584,0,"0075ff81"
"/src/.zig-cache/o/2ab258cf5f98673da93c1ef3e805b8ea/mpack-utf8-node","C","0.8.1","/src/src/mpack/mpack-node.c","MessagePack",4,1362.484758,103584,0,"91b5d7ef"
"/src/.zig-cache/o/d19db764b08aabaa053e2b0d4f57029c/zigpak-read","Zig","0.3.0","src/zigpak/zigpak-read.zig","MessagePack",2,7.080252,44840,0,"07d6c601"
"/src/.zig-cache/o/d19db764b08aabaa053e2b0d4f57029c/zigpak-read","Zig","0.3.0","src/zigpak/zigpak-read.zig","MessagePack",4,684.869497,44840,0,"b29a81b7"
"/src/.zig-cache/o/dbab7d9a2c73a16c61f97e839d5aac52/zigpak-write","Zig","0.3.0","src/zigpak/zigpak-write.zig","MessagePack",2,11.042648,41456,0,"bcfb74f1"
"/src/.zig-cache/o/dbab7d9a2c73a16c61f97e839d5aac52/zigpak-write","Zig","0.3.0","src/zigpak/zigpak-write.zig","MessagePack",4,1672.962321,41456,0,"db04c300"
