"/root/schemaless-benchmarks/.zig-cache/o/f412499a6931f0baf3359a942d9616a3/hash-object","C","0.1","/root/schemaless-benchmarks/src/hash/hash-object.c","C structs",2,19.209852,40256,0,"0075ff81"
"/root/schemaless-benchmarks/.zig-cache/o/f412499a6931f0baf3359a942d9616a3/hash-object","C","0.1","/root/schemaless-benchmarks/src/hash/hash-object.c","C structs",4,2867.642042,40256,0,"91b5d7ef"
"/root/schemaless-benchmarks/.zig-cache/o/fec0e97ed73ce1928ad40481a5909060/hash-data","C","0.1","/root/schemaless-benchmarks/src/hash/hash-data.c","random data",2,6.499527,39488,0,"01db0011"
"/root/schemaless-benchmarks/.zig-cache/o/fec0e97ed73ce1928ad40481a5909060/hash-data","C","0.1","/root/schemaless-benchmarks/src/hash/hash-data.c","random data",4,576.374988,39488,0,"7bed972d"
"/root/schemaless-benchmarks/.zig-cache/o/6db8b6784179b7e883ef8af41a95764c/mpack-write","C","0.8.1","/root/schemaless-benchmarks/src/mpack/mpack-write.c","MessagePack",2,41.930771,103840,0,"1a9c6681"
"/root/schemaless-benchmarks/.zig-cache/o/6db8b6784179b7e883ef8af41a95764c/mpack-write","C","0.8.1","/root/schemaless-benchmarks/src/mpack/mpack-write.c","MessagePack",4,5762.136974,103840,0,"b4ac134d"
"/root/schemaless-benchmarks/.zig-cache/o/ef83102dfc1909242dc86665e031bb22/mpack-read","C","0.8.1","/root/schemaless-benchmarks/src/mpack/mpack-read.c","MessagePack",2,59.085497,104112,0,"0075ff81"
"/root/schemaless-benchmarks/.zig-cache/o/ef83102dfc1909242dc86665e031bb22/mpack-read","C","0.8.1","/root/schemaless-benchmarks/src/mpack/mpack-read.c","MessagePack",4,4978.762423,104112,0,"91b5d7ef"
"/root/schemaless-benchmarks/.zig-cache/o/3b65ff40dd8a4f42440d2c53f1c2fe95/mpack-node","C","0.8.1","/root/schemaless-benchmarks/src/mpack/mpack-node.c","MessagePack",2,99.944515,104424,0,"0075ff81"
"/root/schemaless-benchmarks/.zig-cache/o/3b65ff40dd8a4f42440d2c53f1c2fe95/mpack-node","C","0.8.1","/root/schemaless-benchmarks/src/mpack/mpack-node.c","MessagePack",4,7697.437729,104424,0,"91b5d7ef"
"/root/schemaless-benchmarks/.zig-cache/o/7b4239683835680e87548b10eb58f52f/mpack-tracking-write","C","0.8.1","/root/schemaless-benchmarks/src/mpack/mpack-write.c","MessagePack",2,67.489531,113616,0,"1a9c6681"
"/root/schemaless-benchmarks/.zig-cache/o/7b4239683835680e87548b10eb58f52f/mpack-tracking-write","C","0.8.1","/root/schemaless-benchmarks/src/mpack/mpack-write.c","MessagePack",4,7516.127091,113616,0,"b4ac134d"
"/root/schemaless-benchmarks/.zig-cache/o/91abcc047c6e3e4d400fcd274147e3eb/mpack-tracking-read","C","0.8.1","/root/schemaless-benchmarks/src/mpack/mpack-read.c","MessagePack",2,84.881026,113928,0,"0075ff81"
"/root/schemaless-benchmarks/.zig-cache/o/91abcc047c6e3e4d400fcd274147e3eb/mpack-tracking-read","C","0.8.1","/root/schemaless-benchmarks/src/mpack/mpack-read.c","MessagePack",4,6840.531398,113928,0,"91b5d7ef"
"/root/schemaless-benchmarks/.zig-cache/o/053fa9e427ef3031506ff1d85a79cb34/mpack-utf8-read","C","0.8.1","/root/schemaless-benchmarks/src/mpack/mpack-read.c","MessagePack",2,95.378064,104112,0,"0075ff81"
"/root/schemaless-benchmarks/.zig-cache/o/053fa9e427ef3031506ff1d85a79cb34/mpack-utf8-read","C","0.8.1","/root/schemaless-benchmarks/src/mpack/mpack-read.c","MessagePack",4,8420.162325,104112,0,"91b5d7ef"
"/root/schemaless-benchmarks/.zig-cache/o/5efcc122523672ca47097d7dabe5aefd/mpack-utf8-node","C","0.8.1","/root/schemaless-benchmarks/src/mpack/mpack-node.c","MessagePack",2,125.460826,104560,0,"0075ff81"
"/root/schemaless-benchmarks/.zig-cache/o/5efcc122523672ca47097d7dabe5aefd/mpack-utf8-node","C","0.8.1","/root/schemaless-benchmarks/src/mpack/mpack-node.c","MessagePack",4,10263.578912,104560,0,"91b5d7ef"
"/root/schemaless-benchmarks/.zig-cache/o/ce768790131c199ea2c6ef0bddd7d088/zigpak-read","Zig","0.3.0","src/zigpak/zigpak-read.zig","MessagePack",2,68.695305,45352,0,"07d6c601"
"/root/schemaless-benchmarks/.zig-cache/o/ce768790131c199ea2c6ef0bddd7d088/zigpak-read","Zig","0.3.0","src/zigpak/zigpak-read.zig","MessagePack",4,5194.362751,45352,0,"b29a81b7"
"/root/schemaless-benchmarks/.zig-cache/o/ec3c55a44a0f4a01a783c1c4e4ec110f/zigpak-write","Zig","0.3.0","src/zigpak/zigpak-write.zig","MessagePack",2,110.699170,42336,0,"bcfb74f1"
"/root/schemaless-benchmarks/.zig-cache/o/ec3c55a44a0f4a01a783c1c4e4ec110f/zigpak-write","Zig","0.3.0","src/zigpak/zigpak-write.zig","MessagePack",4,12166.037166,42336,0,"db04c300"